<?xml version="1.0" encoding="UTF-8"?>
<project-private xmlns="http://www.netbeans.org/ns/project-private/1">
    <editor-bookmarks xmlns="http://www.netbeans.org/ns/editor-bookmarks/2" lastBookmarkId="0"/>
    <open-files xmlns="http://www.netbeans.org/ns/projectui-open-files/2">
        <group>
            <file>file:/D:/UniServerZ_XIII/www/CodeIgniter3/system/core1/Container/HookABS.php</file>
            <file>file:/D:/UniServerZ_XIII/www/CodeIgniter3/system/core/Hooks/Hooks.php</file>
            <file>file:/D:/UniServerZ_XIII/www/CodeIgniter3/system/core1/Result/ResaultABS.php</file>
            <file>file:/D:/UniServerZ_XIII/www/CodeIgniter3/system/core/Library_loader.php</file>
            <file>file:/D:/UniServerZ_XIII/www/CodeIgniter3/system/core/Hooks/hook_scope.php</file>
            <file>file:/D:/UniServerZ_XIII/www/CodeIgniter3/system/core/global_var/VAR_library.php</file>
            <file>file:/D:/UniServerZ_XIII/www/CodeIgniter3/system/core/Common_1.php</file>
            <file>file:/D:/UniServerZ_XIII/www/CodeIgniter3/system/core/global_var/VAR_db.php</file>
            <file>file:/D:/UniServerZ_XIII/www/CodeIgniter3/system/core1/Loader/ControllerLoaderABS.php</file>
            <file>file:/D:/UniServerZ_XIII/www/CodeIgniter3/system/core/global_var/VAR_confing.php</file>
            <file>file:/D:/UniServerZ_XIII/www/CodeIgniter3/system/core1/Loader/Loader_LV1.php</file>
            <file>file:/D:/UniServerZ_XIII/www/CodeIgniter3/system/core1/LoadClassKeyMaker.php</file>
            <file>file:/D:/UniServerZ_XIII/www/CodeIgniter3/system/core/Hooks/scope/hook_pre_system.php</file>
        </group>
    </open-files>
</project-private>
